"Country,Other",TotalCases,NewCases,TotalDeaths,NewDeaths,TotalRecovered,NewRecovered,ActiveCases,"Serious,Critical",Tot Cases/1M pop,Deaths/1M pop,TotalTests,"Tests/
1M pop
",Population,Continent,1 Caseevery X ppl,1 Deathevery X ppl,1 Testevery X ppl,New Cases/1M pop,New Deaths/1M pop,Active Cases/1M pop
North America,126781331,+24,1634817.0,,122728420.0,"+7,867",2418094.0,"6,028",,,,,,North America,,,,,,
Asia,217712839,"+3,516",1546945.0,+28,201390004.0,"+20,234",14775890.0,"15,229",,,,,,Asia,,,,,,
Europe,249495975,"+3,431",2063294.0,+6,245521173.0,"+10,995",1911508.0,"5,657",,,,,,Europe,,,,,,
South America,68764371,+42,1356688.0,,66477749.0,+32,929934.0,"10,109",,,,,,South America,,,,,,
Oceania,14427256,,28314.0,,14255234.0,+1,143708.0,99,,,,,,Australia/Oceania,,,,,,
Africa,12824021,+1,258781.0,,12085759.0,+13,479481.0,548,,,,,,Africa,,,,,,
,721,,15.0,,706.0,,0.0,0,,,,,,,,,,,,
World,690006514,"+7,014",6888854.0,+34,662459045.0,"+39,142",20658615.0,"37,670","88,521",883.8,,,,All,,,,,,
USA,107147355,,1166160.0,,105282697.0,,698498.0,862,"320,029","3,483","1,180,445,861","3,525,768","334,805,269",North America,3,287,0,,,"2,086"
India,44992094,,531884.0,,44457379.0,,2831.0,N/A,"31,986",378,"930,797,975","661,721","1,406,631,776",Asia,31,"2,645",2,,,2
France,40105208,"+2,762",167424.0,,39887439.0,,50345.0,869,"611,504","2,553","271,490,188","4,139,547","65,584,518",Europe,2,392,0,42,,768
Germany,38428685,,174352.0,,38240600.0,,13733.0,N/A,"458,119","2,078","122,332,384","1,458,359","83,883,596",Europe,2,481,1,,,164
Brazil,37625916,,703291.0,,36249161.0,,673464.0,N/A,"174,717","3,266","63,776,166","296,146","215,353,593",South America,6,306,3,,,"3,127"
S. Korea,31789625,,34827.0,,31489650.0,"+17,987",265148.0,139,"619,320",678,"15,804,065","307,892","51,329,899",Asia,2,"1,474",3,,,"5,166"
Italy,25870833,,190517.0,,25560511.0,,119805.0,66,"429,300","3,161","272,842,036","4,527,539","60,262,770",Europe,2,316,0,,,"1,988"
UK,24618436,,226278.0,,24378251.0,"+1,410",13907.0,N/A,"359,404","3,303","522,526,476","7,628,357","68,497,907",Europe,3,303,0,,,203
Russia,22942458,,399226.0,,22379263.0,,163969.0,N/A,"157,349","2,738","273,400,000","1,875,095","145,805,947",Europe,6,365,1,,,"1,125"
Spain,13890555,,121416.0,,13718476.0,,50663.0,231,"297,320","2,599","471,036,328","10,082,298","46,719,142",Europe,3,385,0,,,"1,084"
Australia,11622345,,21062.0,,11567426.0,,33857.0,71,"445,834",808,"81,916,639","3,142,326","26,068,792",Australia/Oceania,2,"1,238",0,,,"1,299"
Vietnam,11616702,+575,43206.0,,10639075.0,+97,934421.0,22,"117,396",437,"85,826,548","867,342","98,953,541",Asia,9,"2,290",1,6,,"9,443"
Taiwan,10239998,,19005.0,,10220993.0,,0.0,,"428,656",796,"30,742,304","1,286,903","23,888,595",Asia,2,"1,257",1,,,
Argentina,10054251,,130509.0,,9923742.0,,0.0,363,"218,522","2,837","35,716,069","776,264","46,010,234",South America,5,353,1,,,
Netherlands,8610372,,22992.0,,8587380.0,,0.0,53,"500,270","1,336","25,984,435","1,509,718","17,211,447",Europe,2,749,1,,,
Mexico,7621062,,334167.0,,6869584.0,,417311.0,N/A,"57,927","2,540","20,013,810","152,124","131,562,772",North America,17,394,7,,,"3,172"
Iran,7612065,+64,146278.0,+5,7366948.0,+126,98839.0,93,"88,489","1,700","56,728,183","659,455","86,022,837",Asia,11,588,2,0.7,0.06,"1,149"
Indonesia,6809377,+247,161811.0,+7,6636636.0,+523,10930.0,N/A,"24,395",580,"114,158,919","408,975","279,134,505",Asia,41,"1,725",2,0.9,0.03,39
Poland,6517256,+57,119619.0,+2,5335940.0,,1061697.0,125,"172,689","3,170","38,753,907","1,026,871","37,739,785",Europe,6,315,1,2,0.05,"28,132"
Colombia,6368934,,142765.0,,6189718.0,,36451.0,342,"123,638","2,771","36,951,507","717,327","51,512,762",South America,8,361,1,,,708
Austria,6078537,+264,22513.0,,6051374.0,+157,4650.0,14,"670,424","2,483","211,273,524","23,302,116","9,066,710",Europe,1,403,0,29,,513
Greece,6067218,,36969.0,,6024843.0,"+1,082",5406.0,115,"588,100","3,583","102,228,365","9,909,078","10,316,637",Europe,2,279,0,,,524
Portugal,5588310,,26759.0,,5557629.0,"+1,401",3922.0,61,"551,084","2,639","46,139,518","4,549,993","10,140,570",Europe,2,379,0,,,387
Ukraine,5553031,,112352.0,,5437356.0,"+4,739",3323.0,,"128,566","2,601","32,603,805","754,855","43,192,122",Europe,8,384,1,,,77
Chile,5287715,+42,64497.0,,5223132.0,+32,86.0,19,"274,684","3,350","49,715,362","2,582,590","19,250,195",South America,4,298,0,2,,4
Malaysia,5104772,,37100.0,,5050356.0,,17316.0,36,"153,846","1,118","68,360,482","2,060,225","33,181,072",Asia,7,894,0,,,522
Israel,4826031,,12527.0,,4798473.0,,15031.0,21,"517,481","1,343","41,373,364","4,436,346","9,326,000",Asia,2,744,0,,,"1,612"
Belgium,4799762,,34350.0,,4761600.0,+290,3812.0,43,"411,351","2,944","37,018,657","3,172,590","11,668,278",Europe,2,340,0,,,327
DPRK,4772813,,74.0,,4772739.0,,0.0,,"183,636",3,,,"25,990,679",Asia,5,"351,225",,,,
Thailand,4745043,,34163.0,,4692636.0,,18244.0,N/A,"67,711",487,"17,270,775","246,450","70,078,203",Asia,15,"2,051",4,,,260
Canada,4681257,,52645.0,,4596709.0,"+7,833",31903.0,99,"121,945","1,371","66,343,123","1,728,207","38,388,419",North America,8,729,1,,,831
Czechia,4642316,+37,42805.0,,4598909.0,+8,602.0,1,"432,375","3,987","57,217,444","5,329,105","10,736,784",Europe,2,251,0,3,,56
Peru,4507363,,220673.0,,4286690.0,,0.0,26,"133,812","6,551","38,548,796","1,144,417","33,684,208",South America,7,153,1,,,
Switzerland,4405938,,14452.0,,4389875.0,+836,1611.0,39,"502,179","1,647","23,833,472","2,716,487","8,773,637",Europe,2,607,0,,,184
Philippines,4151079,+898,66481.0,,4072213.0,+944,12385.0,162,"36,896",591,"35,309,541","313,837","112,508,994",Asia,27,"1,692",3,8,,110
South Africa,4076463,,102595.0,,3912506.0,,61362.0,192,"67,095","1,689","26,795,090","441,027","60,756,135",Africa,15,592,2,,,"1,010"
Romania,3405206,,68193.0,,3334163.0,,2850.0,79,"178,926","3,583","27,549,317","1,447,577","19,031,335",Europe,6,279,1,,,150
Denmark,3182004,+18,8723.0,+2,3172985.0,+39,296.0,5,"545,335","1,495","129,290,437","22,157,934","5,834,950",Europe,2,669,0,3,0.3,51
Hong Kong,2904315,,13819.0,,2877349.0,+332,13147.0,28,"381,931","1,817","76,127,725","10,011,143","7,604,299",Asia,3,550,0,,,"1,729"
Sweden,2710457,,24389.0,,2683757.0,+68,2311.0,8,"265,238","2,387","19,500,873","1,908,301","10,218,971",Europe,4,419,1,,,226
Serbia,2542488,+125,18056.0,+1,2521932.0,+359,2500.0,5,"293,827","2,087","12,958,539","1,497,575","8,653,016",Europe,3,479,1,14,0.1,289
Singapore,2472873,,1727.0,,2149583.0,,321563.0,2,"416,060",291,"24,756,666","4,165,302","5,943,546",Asia,2,"3,442",0,,,"54,103"
Iraq,2465545,,25375.0,,2439497.0,,673.0,21,"58,474",602,"19,544,451","463,523","42,164,965",Asia,17,"1,662",2,,,16
New Zealand,2387201,,4400.0,,2372212.0,,10589.0,,"487,363",898,"7,768,604","1,586,011","4,898,203",Australia/Oceania,2,"1,113",1,,,"2,162"
Hungary,2202990,+103,48874.0,+1,2152155.0,+330,1961.0,3,"229,329","5,088","11,394,556","1,186,160","9,606,259",Europe,4,197,1,11,0.1,204
Bangladesh,2039244,,29446.0,,1998448.0,,11350.0,N/A,"12,147",175,"15,254,399","90,862","167,885,689",Asia,82,"5,701",11,,,68
Slovakia,1866857,,21167.0,,1845647.0,,43.0,2,"341,903","3,877","7,432,749","1,361,261","5,460,193",Europe,3,258,1,,,8
Georgia,1842046,,17070.0,,1776548.0,,48428.0,,"464,139","4,301","16,920,079","4,263,340","3,968,738",Asia,2,232,0,,,"12,202"
Jordan,1746997,,14122.0,,1731007.0,,1868.0,59,"169,597","1,371","17,201,885","1,669,945","10,300,869",Asia,6,729,1,,,181
Ireland,1712113,,8960.0,,1701665.0,,1488.0,19,"341,045","1,785","13,083,449","2,606,161","5,020,199",Europe,3,560,0,,,296
Pakistan,1581078,+5,30660.0,,1538689.0,,11729.0,6,"6,890",134,"30,571,377","133,215","229,488,994",Asia,145,"7,485",8,0.02,,51
Norway,1484882,,5435.0,,1478595.0,,852.0,20,"269,422",986,"11,002,430","1,996,315","5,511,370",Europe,4,"1,014",1,,,155
Finland,1480370,,9750.0,,1468050.0,+225,2570.0,21,"266,495","1,755","12,101,220","2,178,453","5,554,960",Europe,4,570,0,,,463
Kazakhstan,1411831,,13848.0,,1383020.0,,14963.0,24,"73,514",721,"11,575,012","602,707","19,205,043",Asia,14,"1,387",2,,,779
Slovenia,1344096,+21,7100.0,,1328006.0,,8990.0,8,"646,811","3,417","2,847,701","1,370,382","2,078,034",Europe,2,293,1,10,,"4,326"
Lithuania,1320775,+31,9687.0,,1310102.0,+66,986.0,3,"496,213","3,639","10,456,160","3,928,365","2,661,708",Europe,2,275,0,12,,370
Bulgaria,1308003,,38399.0,,1267665.0,,1939.0,31,"191,100","5,610","11,246,006","1,643,049","6,844,597",Europe,5,178,1,,,283
Morocco,1274180,,16297.0,,1256151.0,,1732.0,3,"33,733",431,"13,001,033","344,191","37,772,756",Africa,30,"2,318",3,,,46
Croatia,1273871,,18266.0,,1255405.0,,200.0,6,"313,817","4,500","5,606,067","1,381,048","4,059,286",Europe,3,222,1,,,49
Guatemala,1253660,,20202.0,,1231005.0,,2453.0,5,"67,459","1,087","7,361,909","396,141","18,584,039",North America,15,920,3,,,132
Lebanon,1238364,+808,10930.0,+16,1087587.0,,139847.0,74,"185,249","1,635","4,795,578","717,380","6,684,849",Asia,5,612,1,121,2,"20,920"
Costa Rica,1232576,,9374.0,,860711.0,,362491.0,52,"237,841","1,809","4,659,757","899,158","5,182,354",North America,4,553,1,,,"69,947"
Bolivia,1199822,,22386.0,,1168875.0,,8561.0,220,"100,046","1,867","2,710,261","225,993","11,992,656",South America,10,536,4,,,714
Cuba,1114407,+24,8530.0,,1105709.0,+34,168.0,2,"98,571",754,"14,345,279","1,268,859","11,305,652",North America,10,"1,325",1,2,,15
UAE,1067030,,2349.0,,1054525.0,,10156.0,,"105,837",233,"200,732,262","19,910,389","10,081,785",Asia,9,"4,292",0,,,"1,007"
Ecuador,1062275,,36019.0,,1025747.0,,509.0,759,"58,646","1,989","3,082,403","170,173","18,113,361",South America,17,503,6,,,28
Panama,1040230,,8624.0,,1030855.0,,751.0,16,"233,919","1,939","7,697,189","1,730,886","4,446,964",North America,4,516,1,,,169
Uruguay,1038774,,7634.0,,1030944.0,,196.0,18,"297,131","2,184","6,114,822","1,749,083","3,496,016",South America,3,458,1,,,56
Mongolia,1008655,,2179.0,,1006086.0,,390.0,192,"298,588",645,"4,030,048","1,193,000","3,378,078",Asia,3,"1,550",1,,,115
Nepal,1003353,+1,12031.0,,991305.0,+3,17.0,,"33,195",398,"6,046,867","200,058","30,225,582",Asia,30,"2,512",5,0.03,,0.6
Belarus,994037,,7118.0,,985592.0,,1327.0,,"105,381",755,"13,646,641","1,446,722","9,432,800",Europe,9,"1,325",1,,,141
Latvia,977891,,6344.0,,971406.0,,141.0,13,"528,922","3,431","7,875,835","4,259,886","1,848,837",Europe,2,291,0,,,76
Saudi Arabia,841469,,9646.0,,827923.0,,3900.0,66,"23,475",269,"45,481,735","1,268,848","35,844,909",Asia,43,"3,716",1,,,109
Azerbaijan,831865,,10277.0,,821550.0,,38.0,,"80,762",998,"7,626,218","740,395","10,300,205",Asia,12,"1,002",1,,,4
Bahrain,722069,+25,1564.0,,720371.0,+19,134.0,2,"404,751",877,"10,859,295","6,087,107","1,783,983",Asia,2,"1,141",0,14,,75
Sri Lanka,672495,+5,16876.0,,655607.0,+10,12.0,,"31,169",782,"6,486,117","300,619","21,575,842",Asia,32,"1,278",3,0.2,,0.6
Kuwait,665931,,2570.0,,660237.0,,3124.0,,"152,028",587,"8,455,743","1,930,391","4,380,326",Asia,7,"1,704",1,,,713
Dominican Republic,661176,,4384.0,,644785.0,,12007.0,4,"59,800",397,"3,740,928","338,350","11,056,370",North America,17,"2,522",3,,,"1,086"
Cyprus,660854,,1364.0,,659490.0,,0.0,60,"540,184","1,115","9,640,118","7,879,860","1,223,387",Asia,2,897,0,,,
Myanmar,639379,+70,19494.0,,618363.0,+46,1522.0,,"11,577",353,"10,703,628","193,811","55,227,143",Asia,86,"2,833",5,1,,28
Palestine,621008,,5404.0,,615445.0,,159.0,17,"116,173","1,011","3,078,533","575,907","5,345,541",Asia,9,989,2,,,30
Moldova,620574,,12118.0,,504142.0,,104314.0,49,"154,634","3,020","3,216,305","801,437","4,013,171",Europe,6,331,1,,,"25,993"
Estonia,619051,,3001.0,,524990.0,,91060.0,2,"468,300","2,270","3,718,876","2,813,260","1,321,910",Europe,2,440,0,,,"68,885"
Venezuela,552695,,5856.0,,546537.0,,302.0,31,"18,885",200,"3,359,014","114,771","29,266,991",South America,53,"4,998",9,,,10
Egypt,516023,,24613.0,,442182.0,,49228.0,122,"4,861",232,"3,693,367","34,792","106,156,692",Africa,206,"4,313",29,,,464
Qatar,513995,+72,690.0,,512997.0,+136,308.0,17,"172,486",232,"4,065,369","1,364,257","2,979,915",Asia,6,"4,319",1,24,,103
Libya,507264,,6437.0,,500826.0,,1.0,,"72,047",914,"2,483,848","352,782","7,040,745",Africa,14,"1,094",3,,,0.1
Ethiopia,500912,+1,7574.0,,488133.0,+1,5205.0,1,"4,146",63,"5,554,931","45,980","120,812,698",Africa,241,"15,951",22,0.01,,43
Réunion,486588,,921.0,,418572.0,,67095.0,10,"535,854","1,014","1,603,660","1,766,027","908,061",Africa,2,986,1,,,"73,888"
Armenia,449203,,8750.0,,435162.0,,5291.0,,"151,147","2,944","3,242,901","1,091,164","2,971,966",Asia,7,340,1,,,"1,780"
Bosnia and Herzegovina,402998,,16347.0,,379084.0,,7567.0,,"124,025","5,031","1,884,721","580,036","3,249,317",Europe,8,199,2,,,"2,329"
Oman,399449,,4628.0,,384669.0,,10152.0,2,"75,028",869,"25,000,000","4,695,724","5,323,993",Asia,13,"1,150",0,,,"1,907"
North Macedonia,348281,,9677.0,,337068.0,,1536.0,,"167,338","4,649","2,226,216","1,069,626","2,081,304",Europe,6,215,1,,,738
Zambia,343995,,4058.0,,339858.0,,79.0,,"17,668",208,"4,047,915","207,903","19,470,234",Africa,57,"4,798",5,,,4
Kenya,343074,,5688.0,,337309.0,,77.0,1,"6,103",101,"3,967,062","70,569","56,215,221",Africa,164,"9,883",14,,,1
Albania,334726,,3602.0,,329428.0,,1696.0,,"116,777","1,257","1,941,032","677,173","2,866,374",Europe,9,796,1,,,592
Botswana,329905,,2801.0,,327049.0,,55.0,1,"135,143","1,147","2,026,898","830,300","2,441,162",Africa,7,872,1,,,23
Luxembourg,319959,,1232.0,,316690.0,,2037.0,,"498,091","1,918","4,587,145","7,140,959","642,371",Europe,2,521,0,,,"3,171"
Brunei,306333,,225.0,,243601.0,,62507.0,3,"687,723",505,"717,784","1,611,437","445,431",Asia,1,"1,980",1,,,"140,329"
Montenegro,291911,+13,2828.0,,288614.0,+45,469.0,6,"464,863","4,504","2,757,845","4,391,823","627,950",Europe,2,222,0,21,,747
Algeria,271842,,6881.0,,183055.0,,81906.0,,"5,994",152,"230,960","5,093","45,350,148",Africa,167,"6,591",196,,,"1,806"
Nigeria,266675,,3155.0,,259953.0,,3567.0,11,"1,230",15,"5,708,974","26,339","216,746,934",Africa,813,"68,700",38,,,16
Zimbabwe,265030,,5695.0,,258888.0,,447.0,12,"17,287",371,"2,525,756","164,744","15,331,428",Africa,58,"2,692",6,,,29
Uzbekistan,253662,,1637.0,,241486.0,,10539.0,23,"7,378",48,"1,377,915","40,077","34,382,084",Asia,136,"21,003",25,,,307
Mozambique,233417,,2243.0,,228805.0,,2369.0,11,"7,054",68,"1,371,127","41,437","33,089,461",Africa,142,"14,752",24,,,72
Afghanistan,222248,,7918.0,,200041.0,,14289.0,45,"5,453",194,"1,265,782","31,059","40,754,388",Asia,183,"5,147",32,,,351
Kyrgyzstan,206890,,2991.0,,196406.0,,7493.0,131,"30,749",445,"1,907,195","283,460","6,728,271",Asia,33,"2,250",4,,,"1,114"
El Salvador,201785,,4230.0,,179410.0,,18145.0,8,"30,805",646,"2,610,114","398,467","6,550,389",North America,32,"1,549",3,,,"2,770"
Trinidad and Tobago,191496,,4390.0,,187078.0,,28.0,8,"136,143","3,121","913,289","649,295","1,406,585",North America,7,320,2,,,20
Maldives,186672,,316.0,,163687.0,,22669.0,25,"345,059",584,"2,213,831","4,092,223","540,985",Asia,3,"1,712",0,,,"41,903"
Ghana,171657,,1462.0,,170161.0,,34.0,2,"5,299",45,"2,536,496","78,298","32,395,450",Africa,189,"22,158",13,,,1
Namibia,171310,,4091.0,,167099.0,,120.0,,"65,041","1,553","1,062,663","403,460","2,633,874",Africa,15,644,2,,,46
Uganda,170775,,3632.0,,100431.0,,66712.0,3,"3,526",75,"3,012,408","62,198","48,432,863",Africa,284,"13,335",16,,,"1,377"
Jamaica,155026,,3550.0,,102982.0,,48494.0,,"51,933","1,189","1,183,986","396,633","2,985,094",North America,19,841,3,,,"16,245"
Cambodia,138822,+9,3056.0,,135728.0,+11,38.0,,"8,086",178,"3,091,420","180,062","17,168,639",Asia,124,"5,618",6,0.5,,2
Rwanda,133194,,1468.0,,131647.0,,79.0,,"9,793",108,"6,021,981","442,778","13,600,464",Africa,102,"9,265",2,,,6
Cameroon,125036,,1972.0,,122807.0,,257.0,13,"4,480",71,"1,751,774","62,762","27,911,548",Africa,223,"14,154",16,,,9
Malta,118815,,839.0,,117412.0,,564.0,4,"267,581","1,889","2,140,075","4,819,631","444,033",Europe,4,529,0,,,"1,270"
Barbados,107794,,593.0,,106971.0,,230.0,,"374,255","2,059","801,451","2,782,594","288,023",North America,3,486,0,,,799
Angola,105384,,1934.0,,103419.0,,31.0,,"3,009",55,"1,499,795","42,818","35,027,343",Africa,332,"18,111",23,,,0.9
Channel Islands,101717,,228.0,,101321.0,,168.0,,"576,421","1,292","1,252,808","7,099,551","176,463",Europe,2,774,0,,,952
French Guiana,98041,,420.0,,11254.0,,86367.0,6,"312,065","1,337","651,257","2,072,951","314,169",South America,3,748,0,,,"274,906"
DRC,96652,,1467.0,,84489.0,,10696.0,,"1,015",15,"846,704","8,890","95,240,792",Africa,985,"64,922",112,,,112
Senegal,88997,,1971.0,,87024.0,,2.0,,"5,041",112,"1,146,543","64,946","17,653,671",Africa,198,"8,957",15,,,0.1
Malawi,88728,,2686.0,,85651.0,,391.0,67,"4,397",133,"624,784","30,959","20,180,839",Africa,227,"7,513",32,,,19
Ivory Coast,88331,,835.0,,87497.0,,-1.0,,"3,184",30,"1,690,934","60,951","27,742,298",Africa,314,"33,224",16,,,-0.04
New Caledonia,79922,,314.0,,79605.0,,3.0,9,"274,726","1,079","98,964","340,182","290,915",Australia/Oceania,4,926,3,,,10
Eswatini,74670,,1425.0,,73116.0,,129.0,,"63,022","1,203","1,048,704","885,119","1,184,817",Africa,16,831,1,,,109
Guyana,73265,,1298.0,,71936.0,,31.0,,"92,268","1,635","731,857","921,682","794,045",South America,11,612,1,,,39
Belize,70782,,688.0,,70085.0,,9.0,6,"171,722","1,669","576,016","1,397,453","412,190",North America,6,599,1,,,22
Fiji,68921,,883.0,,67029.0,,1009.0,,"75,782",971,"670,903","737,689","909,466",Australia/Oceania,13,"1,030",1,,,"1,109"
Madagascar,68289,,1425.0,,66862.0,,2.0,,"2,340",49,"531,329","18,210","29,178,077",Africa,427,"20,476",55,,,0.07
Sudan,63993,,5046.0,,58708.0,+12,239.0,,"1,391",110,"562,941","12,240","45,992,020",Africa,719,"9,115",82,,,5
Cabo Verde,63967,,414.0,,63473.0,,80.0,23,"112,682",729,"401,622","707,482","567,678",Africa,9,"1,371",1,,,141
Mauritania,63715,,997.0,,62471.0,,247.0,,"12,998",203,"1,009,957","206,030","4,901,981",Africa,77,"4,917",5,,,50
Bhutan,62671,,21.0,,61564.0,,1086.0,,"79,538",27,"2,303,734","2,923,739","787,941",Asia,13,"37,521",0,,,"1,378"
Syria,57608,,3164.0,,54370.0,,74.0,,"2,975",163,"146,269","7,553","19,364,809",Asia,336,"6,120",132,,,4
Burundi,53762,,38.0,,53569.0,,155.0,,"4,258",3,"345,742","27,386","12,624,840",Africa,235,"332,233",37,,,12
Seychelles,50937,,172.0,,50750.0,,15.0,,"512,311","1,730",,,"99,426",Africa,2,578,,,,151
Gabon,48992,,307.0,,48674.0,,11.0,,"21,013",132,"1,621,909","695,641","2,331,533",Africa,48,"7,595",1,,,5
Andorra,48015,,165.0,,47563.0,,287.0,14,"619,844","2,130","249,838","3,225,256","77,463",Europe,2,469,0,,,"3,705"
Papua New Guinea,46864,,670.0,,43982.0,,2212.0,7,"5,043",72,"249,149","26,813","9,292,169",Australia/Oceania,198,"13,869",37,,,238
Curaçao,45986,,295.0,,44720.0,,971.0,3,"277,812","1,782","496,693","3,000,640","165,529",North America,4,561,0,,,"5,866"
Aruba,44180,,236.0,,42438.0,,1506.0,2,"410,560","2,193","177,885","1,653,068","107,609",North America,2,456,1,,,"13,995"
Mauritius,42576,,1050.0,,40814.0,,712.0,,"33,400",824,"358,675","281,374","1,274,727",Africa,30,"1,214",4,,,559
Togo,39500,,290.0,,39209.0,,1.0,,"4,550",33,"811,922","93,530","8,680,837",Africa,220,"29,934",11,,,0.1
Guinea,38563,,468.0,,37757.0,,338.0,8,"2,781",34,"660,107","47,607","13,865,691",Africa,360,"29,628",21,,,24
Bahamas,38084,,844.0,,36366.0,,874.0,1,"95,087","2,107","257,839","643,767","400,516",North America,11,475,2,,,"2,182"
Lesotho,34790,,723.0,,25980.0,,8087.0,,"15,990",332,"431,221","198,199","2,175,699",Africa,63,"3,009",5,,,"3,717"
Haiti,34246,,860.0,,33361.0,,25.0,,"2,932",74,"132,422","11,337","11,680,283",North America,341,"13,582",88,,,2
Mali,33150,,743.0,,32331.0,,76.0,,"1,544",35,"804,562","37,467","21,473,764",Africa,648,"28,901",27,,,4
Cayman Islands,31472,,37.0,,8553.0,,22882.0,1,"467,797",550,"222,773","3,311,280","67,277",North America,2,"1,818",0,,,"340,116"
Saint Lucia,30052,,409.0,,29095.0,,548.0,,"162,344","2,209","210,983","1,139,752","185,113",North America,6,453,1,,,"2,960"
Benin,28014,,163.0,,27847.0,,4.0,,"2,191",13,"604,310","47,268","12,784,726",Africa,456,"78,434",21,,,0.3
Somalia,27334,,1361.0,,13182.0,,12791.0,,"1,623",81,"400,466","23,778","16,841,795",Africa,616,"12,375",42,,,759
Congo,25375,,386.0,,24006.0,,983.0,,"4,377",67,"347,815","59,991","5,797,805",Africa,228,"15,020",17,,,170
San Marino,24298,,125.0,,24167.0,,6.0,4,"712,865","3,667","196,855","5,775,414","34,085",Europe,1,273,0,,,176
Timor-Leste,23450,,138.0,,23102.0,,210.0,,"17,124",101,"278,529","203,391","1,369,429",Asia,58,"9,923",5,,,153
Burkina Faso,22056,,396.0,,21596.0,,64.0,,998,18,"248,995","11,265","22,102,838",Africa,"1,002","55,815",89,,,3
Liechtenstein,21446,,94.0,,21351.0,,1.0,,"558,679","2,449","112,457","2,929,559","38,387",Europe,2,408,0,,,26
Gibraltar,20550,,113.0,,16579.0,,3858.0,,"609,720","3,353","534,283","15,852,213","33,704",Europe,2,298,0,,,"114,467"
Grenada,19693,,238.0,,19358.0,,97.0,4,"173,545","2,097","182,981","1,612,523","113,475",North America,6,477,1,,,855
Bermuda,18860,,165.0,,18685.0,,10.0,,"304,493","2,664","1,029,558","16,622,128","61,939",North America,3,375,0,,,161
Nicaragua,18491,,225.0,,4225.0,,14041.0,,"2,728",33,,,"6,779,100",North America,367,"30,129",,,,"2,071"
South Sudan,18368,,138.0,,18115.0,,115.0,1,"1,581",12,"410,280","35,313","11,618,511",Africa,633,"84,192",28,,,10
Tajikistan,17786,,125.0,,17264.0,,397.0,,"1,786",13,,,"9,957,464",Asia,560,"79,660",,,,40
Equatorial Guinea,17229,,183.0,,16907.0,,139.0,5,"11,512",122,"365,697","244,342","1,496,662",Africa,87,"8,178",4,,,93
Tonga,16817,,13.0,,15638.0,,1166.0,,"156,076",121,"535,009","4,965,327","107,749",Australia/Oceania,6,"8,288",0,,,"10,821"
Monaco,16793,,67.0,,15992.0,,734.0,4,"422,115","1,684","78,646","1,976,875","39,783",Europe,2,594,1,,,"18,450"
Samoa,16763,,31.0,,1605.0,,15127.0,,"82,887",153,"187,397","926,612","202,239",Australia/Oceania,12,"6,524",1,,,"74,798"
Marshall Islands,16098,,17.0,,16079.0,,2.0,,"268,045",283,,,"60,057",Australia/Oceania,4,"3,533",,,,33
Dominica,15760,,74.0,,15673.0,,13.0,,"217,848","1,023","229,344","3,170,187","72,344",North America,5,978,0,,,180
Djibouti,15690,,189.0,,15427.0,,74.0,,"15,441",186,"305,941","301,094","1,016,097",Africa,65,"5,376",3,,,73
CAR,15368,,113.0,,15200.0,,55.0,2,"3,063",23,"81,294","16,205","5,016,678",Africa,326,"44,395",62,,,11
Gambia,12626,,372.0,,12189.0,,65.0,,"4,935",145,"155,686","60,851","2,558,482",Africa,203,"6,878",16,,,25
Saint Martin,12303,,63.0,,1399.0,,10841.0,7,"309,665","1,586","112,382","2,828,643","39,730",North America,3,631,0,,,"272,867"
Vanuatu,12019,,14.0,,11976.0,,29.0,,"37,346",44,"24,976","77,606","321,832",Australia/Oceania,27,"22,988",13,,,90
Greenland,11971,,21.0,,2761.0,,9189.0,4,"210,117",369,"164,926","2,894,810","56,973",North America,5,"2,713",0,,,"161,287"
Yemen,11945,,2159.0,,9124.0,,662.0,23,383,69,"329,592","10,579","31,154,867",Asia,"2,608","14,430",95,,,21
Caribbean Netherlands,11682,,38.0,,10476.0,,1168.0,,"438,398","1,426","30,126","1,130,559","26,647",North America,2,701,1,,,"43,832"
Sint Maarten,11030,,92.0,,10905.0,,33.0,N/A,"250,876","2,093","62,056","1,411,454","43,966",North America,4,478,1,,,751
Eritrea,10189,,103.0,,10086.0,,0.0,,"2,782",28,"23,693","6,470","3,662,244",Africa,359,"35,556",155,,,
Niger,9931,,312.0,,8890.0,,729.0,1,381,12,"254,538","9,759","26,083,660",Africa,"2,626","83,601",102,,,28
St. Vincent Grenadines,9631,,124.0,,9493.0,,14.0,,"86,337","1,112","114,197","1,023,720","111,551",North America,12,900,1,,,126
Guinea-Bissau,9614,,177.0,,8929.0,,508.0,6,"4,659",86,"145,231","70,385","2,063,367",Africa,215,"11,657",14,,,246
Comoros,9109,,161.0,,8939.0,,9.0,,"10,038",177,,,"907,419",Africa,100,"5,636",,,,10
Antigua and Barbuda,9106,,146.0,,8954.0,,6.0,1,"91,509","1,467","18,901","189,943","99,509",North America,11,682,5,,,60
Macao,8873,+727,122.0,,3487.0,,5264.0,,"13,293",183,"7,850","11,760","667,490",Asia,75,"5,471",85,"1,089",,"7,886"
Liberia,8090,,295.0,,7783.0,,12.0,2,"1,525",56,"139,824","26,356","5,305,117",Africa,656,"17,983",38,,,2
Chad,7701,,194.0,,4874.0,,2633.0,,442,11,"191,341","10,988","17,413,580",Africa,"2,261","89,761",91,,,151
Cook Islands,7120,,2.0,,7106.0,,12.0,,"405,213",114,"19,690","1,120,596","17,571",Australia/Oceania,2,"8,786",1,,,683
Saint Kitts and Nevis,6602,,48.0,,6554.0,,0.0,,"122,552",891,"126,946","2,356,481","53,871",North America,8,"1,122",0,,,
Turks and Caicos,6588,,38.0,,6529.0,,21.0,4,"165,773",956,"612,335","15,408,143","39,741",North America,6,"1,046",0,,,528
Sao Tome and Principe,6587,,80.0,,6507.0,,0.0,,"28,931",351,"29,036","127,530","227,679",Africa,35,"2,846",8,,,
Palau,6011,,9.0,,6000.0,,2.0,,"329,677",494,"69,781","3,827,181","18,233",Australia/Oceania,3,"2,026",0,,,110
Nauru,5393,,1.0,,5347.0,,45.0,,"494,635",92,"20,509","1,881,042","10,903",Australia/Oceania,2,"10,903",1,,,"4,127"
Kiribati,5029,,24.0,,2703.0,,2302.0,3,"40,747",194,,,"123,419",Australia/Oceania,25,"5,142",,,,"18,652"
Anguilla,3904,,12.0,,3879.0,,13.0,4,"256,336",788,"51,382","3,373,736","15,230",North America,4,"1,269",0,,,854
Wallis and Futuna,3508,,7.0,,438.0,,3063.0,,"319,432",637,"20,508","1,867,419","10,982",Australia/Oceania,3,"1,569",1,,,"278,911"
Saint Pierre Miquelon,3452,,2.0,,2449.0,,1001.0,1,"599,410",347,"25,400","4,410,488","5,759",North America,2,"2,880",0,,,"173,815"
Montserrat,1403,,8.0,,1376.0,,19.0,,"282,578","1,611","17,762","3,577,442","4,965",North America,4,621,0,,,"3,827"
Diamond Princess,712,,13.0,,699.0,,0.0,,,,,,,,,,,,,
Western Sahara,10,,1.0,,9.0,,0.0,,16,2,,,"626,161",Africa,"62,616","626,161",,,,
MS Zaandam,9,,2.0,,7.0,,0.0,,,,,,,,,,,,,
China,503302,,5272.0,,379053.0,,118977.0,N/A,347,4,"160,000,000","110,461","1,448,471,400",Asia,"2,878","274,748",9,,,82
Total:,126781331,+24,1634817.0,,122728420.0,,2418094.0,"6,028",,,,,,North America,,,,,,
Total:,217712839,"+3,516",1546945.0,+28,201390004.0,"+20,234",14775890.0,"15,229",,,,,,Asia,,,,,,
Total:,249495975,"+3,431",2063294.0,+6,245521173.0,"+10,995",1911508.0,"5,657",,,,,,Europe,,,,,,
Total:,68764371,+42,1356688.0,,66477749.0,,929934.0,"10,109",,,,,,South America,,,,,,
Total:,14427256,,28314.0,,14255234.0,,143708.0,99,,,,,,Australia/Oceania,,,,,,
Total:,12824021,+1,258781.0,,12085759.0,,479481.0,548,,,,,,Africa,,,,,,
Total:,721,,15.0,,706.0,,0.0,0,,,,,,,,,,,,
Total:,690006514,"+7,014",6888854.0,+34,662459045.0,"+39,142",20658615.0,"37,670","88,521.4",883.8,,,,All,,,,,,
